ip_address,comment,subnet,in_use,editable
10.0.0.0,,10.0.0.0/24,False,True
10.0.0.1,,10.0.0.0/24,False,True
10.0.0.2,,10.0.0.0/24,False,True
10.0.0.3,,10.0.0.0/24,False,True
10.0.0.4,,10.0.0.0/24,False,True
10.0.0.5,,10.0.0.0/24,False,True
10.0.0.6,,10.0.0.0/24,False,True
10.0.0.7,,10.0.0.0/24,False,True
10.0.0.8,,10.0.0.0/24,False,True
10.0.0.9,,10.0.0.0/24,False,True
10.0.0.10,,10.0.0.0/24,False,True
10.0.0.11,,10.0.0.0/24,False,True
10.0.0.12,,10.0.0.0/24,False,True
10.0.0.13,,10.0.0.0/24,False,True
10.0.0.14,,10.0.0.0/24,False,True
10.0.0.15,,10.0.0.0/24,False,True
10.0.0.16,,10.0.0.0/24,False,True
10.0.0.17,,10.0.0.0/24,False,True
10.0.0.18,,10.0.0.0/24,False,True
10.0.0.19,,10.0.0.0/24,False,True
10.0.0.20,,10.0.0.0/24,False,True
10.0.0.21,,10.0.0.0/24,False,True
10.0.0.22,,10.0.0.0/24,False,True
10.0.0.23,,10.0.0.0/24,False,True
10.0.0.24,,10.0.0.0/24,False,True
10.0.0.25,,10.0.0.0/24,False,True
10.0.0.26,,10.0.0.0/24,False,True
10.0.0.27,,10.0.0.0/24,False,True
10.0.0.28,,10.0.0.0/24,False,True
10.0.0.29,,10.0.0.0/24,False,True
10.0.0.30,,10.0.0.0/24,False,True
10.0.0.31,,10.0.0.0/24,False,True
10.0.0.32,,10.0.0.0/24,False,True
10.0.0.33,,10.0.0.0/24,False,True
10.0.0.34,,10.0.0.0/24,False,True
10.0.0.35,,10.0.0.0/24,False,True
10.0.0.36,,10.0.0.0/24,False,True
10.0.0.37,,10.0.0.0/24,False,True
10.0.0.38,,10.0.0.0/24,False,True
10.0.0.39,,10.0.0.0/24,False,True
10.0.0.40,,10.0.0.0/24,False,True
10.0.0.41,,10.0.0.0/24,False,True
10.0.0.42,,10.0.0.0/24,False,True
10.0.0.43,,10.0.0.0/24,False,True
10.0.0.44,,10.0.0.0/24,False,True
10.0.0.45,,10.0.0.0/24,False,True
10.0.0.46,,10.0.0.0/24,False,True
10.0.0.47,,10.0.0.0/24,False,True
10.0.0.48,,10.0.0.0/24,False,True
10.0.0.49,,10.0.0.0/24,False,True
10.0.0.50,,10.0.0.0/24,False,True
10.0.0.51,,10.0.0.0/24,False,True
10.0.0.52,,10.0.0.0/24,False,True
10.0.0.53,,10.0.0.0/24,False,True
10.0.0.54,,10.0.0.0/24,False,True
10.0.0.55,,10.0.0.0/24,False,True
10.0.0.56,,10.0.0.0/24,False,True
10.0.0.57,,10.0.0.0/24,False,True
10.0.0.58,,10.0.0.0/24,False,True
10.0.0.59,,10.0.0.0/24,False,True
10.0.0.60,,10.0.0.0/24,False,True
10.0.0.61,,10.0.0.0/24,False,True
10.0.0.62,,10.0.0.0/24,False,True
10.0.0.63,,10.0.0.0/24,False,True
10.0.0.64,,10.0.0.0/24,False,True
10.0.0.65,,10.0.0.0/24,False,True
10.0.0.66,,10.0.0.0/24,False,True
10.0.0.67,,10.0.0.0/24,False,True
10.0.0.68,,10.0.0.0/24,False,True
10.0.0.69,,10.0.0.0/24,False,True
10.0.0.70,,10.0.0.0/24,False,True
10.0.0.71,,10.0.0.0/24,False,True
10.0.0.72,,10.0.0.0/24,False,True
10.0.0.73,,10.0.0.0/24,False,True
10.0.0.74,,10.0.0.0/24,False,True
10.0.0.75,,10.0.0.0/24,False,True
10.0.0.76,,10.0.0.0/24,False,True
10.0.0.77,,10.0.0.0/24,False,True
10.0.0.78,,10.0.0.0/24,False,True
10.0.0.79,,10.0.0.0/24,False,True
10.0.0.80,,10.0.0.0/24,False,True
10.0.0.81,,10.0.0.0/24,False,True
10.0.0.82,,10.0.0.0/24,False,True
10.0.0.83,,10.0.0.0/24,False,True
10.0.0.84,,10.0.0.0/24,False,True
10.0.0.85,,10.0.0.0/24,False,True
10.0.0.86,,10.0.0.0/24,False,True
10.0.0.87,,10.0.0.0/24,False,True
10.0.0.88,,10.0.0.0/24,False,True
10.0.0.89,,10.0.0.0/24,False,True
10.0.0.90,,10.0.0.0/24,False,True
10.0.0.91,,10.0.0.0/24,False,True
10.0.0.92,,10.0.0.0/24,False,True
10.0.0.93,,10.0.0.0/24,False,True
10.0.0.94,,10.0.0.0/24,False,True
10.0.0.95,,10.0.0.0/24,False,True
10.0.0.96,,10.0.0.0/24,False,True
10.0.0.97,,10.0.0.0/24,False,True
10.0.0.98,,10.0.0.0/24,False,True
10.0.0.99,,10.0.0.0/24,False,True
10.0.0.100,,10.0.0.0/24,False,True
10.0.0.101,,10.0.0.0/24,False,True
10.0.0.102,,10.0.0.0/24,False,True
10.0.0.103,,10.0.0.0/24,False,True
10.0.0.104,,10.0.0.0/24,False,True
10.0.0.105,,10.0.0.0/24,False,True
10.0.0.106,,10.0.0.0/24,False,True
10.0.0.107,,10.0.0.0/24,False,True
10.0.0.108,,10.0.0.0/24,False,True
10.0.0.109,,10.0.0.0/24,False,True
10.0.0.110,,10.0.0.0/24,False,True
10.0.0.111,,10.0.0.0/24,False,True
10.0.0.112,,10.0.0.0/24,False,True
10.0.0.113,,10.0.0.0/24,False,True
10.0.0.114,,10.0.0.0/24,False,True
10.0.0.115,,10.0.0.0/24,False,True
10.0.0.116,,10.0.0.0/24,False,True
10.0.0.117,,10.0.0.0/24,False,True
10.0.0.118,,10.0.0.0/24,False,True
10.0.0.119,,10.0.0.0/24,False,True
10.0.0.120,,10.0.0.0/24,False,True
10.0.0.121,,10.0.0.0/24,False,True
10.0.0.122,,10.0.0.0/24,False,True
10.0.0.123,,10.0.0.0/24,False,True
10.0.0.124,,10.0.0.0/24,False,True
10.0.0.125,,10.0.0.0/24,False,True
10.0.0.126,,10.0.0.0/24,False,True
10.0.0.127,,10.0.0.0/24,False,True
10.0.0.128,,10.0.0.0/24,False,True
10.0.0.129,,10.0.0.0/24,False,True
10.0.0.130,,10.0.0.0/24,False,True
10.0.0.131,,10.0.0.0/24,False,True
10.0.0.132,,10.0.0.0/24,False,True
10.0.0.133,,10.0.0.0/24,False,True
10.0.0.134,,10.0.0.0/24,False,True
10.0.0.135,,10.0.0.0/24,False,True
10.0.0.136,,10.0.0.0/24,False,True
10.0.0.137,,10.0.0.0/24,False,True
10.0.0.138,,10.0.0.0/24,False,True
10.0.0.139,,10.0.0.0/24,False,True
10.0.0.140,,10.0.0.0/24,False,True
10.0.0.141,,10.0.0.0/24,False,True
10.0.0.142,,10.0.0.0/24,False,True
10.0.0.143,,10.0.0.0/24,False,True
10.0.0.144,,10.0.0.0/24,False,True
10.0.0.145,,10.0.0.0/24,False,True
10.0.0.146,,10.0.0.0/24,False,True
10.0.0.147,,10.0.0.0/24,False,True
10.0.0.148,,10.0.0.0/24,False,True
10.0.0.149,,10.0.0.0/24,False,True
10.0.0.150,,10.0.0.0/24,False,True
10.0.0.151,DHCP address,10.0.0.0/24,False,False
10.0.0.152,DHCP address,10.0.0.0/24,False,False
10.0.0.153,DHCP address,10.0.0.0/24,False,False
10.0.0.154,DHCP address,10.0.0.0/24,False,False
10.0.0.155,DHCP address,10.0.0.0/24,False,False
10.0.0.156,DHCP address,10.0.0.0/24,False,False
10.0.0.157,DHCP address,10.0.0.0/24,False,False
10.0.0.158,DHCP address,10.0.0.0/24,False,False
10.0.0.159,DHCP address,10.0.0.0/24,False,False
10.0.0.160,DHCP address,10.0.0.0/24,False,False
10.0.0.161,DHCP address,10.0.0.0/24,False,False
10.0.0.162,DHCP address,10.0.0.0/24,False,False
10.0.0.163,DHCP address,10.0.0.0/24,False,False
10.0.0.164,DHCP address,10.0.0.0/24,False,False
10.0.0.165,DHCP address,10.0.0.0/24,False,False
10.0.0.166,DHCP address,10.0.0.0/24,False,False
10.0.0.167,DHCP address,10.0.0.0/24,False,False
10.0.0.168,DHCP address,10.0.0.0/24,False,False
10.0.0.169,DHCP address,10.0.0.0/24,False,False
10.0.0.170,DHCP address,10.0.0.0/24,False,False
10.0.0.171,DHCP address,10.0.0.0/24,False,False
10.0.0.172,DHCP address,10.0.0.0/24,False,False
10.0.0.173,DHCP address,10.0.0.0/24,False,False
10.0.0.174,DHCP address,10.0.0.0/24,False,False
10.0.0.175,DHCP address,10.0.0.0/24,False,False
10.0.0.176,DHCP address,10.0.0.0/24,False,False
10.0.0.177,DHCP address,10.0.0.0/24,False,False
10.0.0.178,DHCP address,10.0.0.0/24,False,False
10.0.0.179,DHCP address,10.0.0.0/24,False,False
10.0.0.180,DHCP address,10.0.0.0/24,False,False
10.0.0.181,DHCP address,10.0.0.0/24,False,False
10.0.0.182,DHCP address,10.0.0.0/24,False,False
10.0.0.183,DHCP address,10.0.0.0/24,False,False
10.0.0.184,DHCP address,10.0.0.0/24,False,False
10.0.0.185,DHCP address,10.0.0.0/24,False,False
10.0.0.186,DHCP address,10.0.0.0/24,False,False
10.0.0.187,DHCP address,10.0.0.0/24,False,False
10.0.0.188,DHCP address,10.0.0.0/24,False,False
10.0.0.189,DHCP address,10.0.0.0/24,False,False
10.0.0.190,DHCP address,10.0.0.0/24,False,False
10.0.0.191,DHCP address,10.0.0.0/24,False,False
10.0.0.192,DHCP address,10.0.0.0/24,False,False
10.0.0.193,DHCP address,10.0.0.0/24,False,False
10.0.0.194,DHCP address,10.0.0.0/24,False,False
10.0.0.195,DHCP address,10.0.0.0/24,False,False
10.0.0.196,DHCP address,10.0.0.0/24,False,False
10.0.0.197,DHCP address,10.0.0.0/24,False,False
10.0.0.198,DHCP address,10.0.0.0/24,False,False
10.0.0.199,DHCP address,10.0.0.0/24,False,False
10.0.0.200,DHCP address,10.0.0.0/24,False,False
10.0.0.201,DHCP address,10.0.0.0/24,False,False
10.0.0.202,DHCP address,10.0.0.0/24,False,False
10.0.0.203,DHCP address,10.0.0.0/24,False,False
10.0.0.204,DHCP address,10.0.0.0/24,False,False
10.0.0.205,DHCP address,10.0.0.0/24,False,False
10.0.0.206,DHCP address,10.0.0.0/24,False,False
10.0.0.207,DHCP address,10.0.0.0/24,False,False
10.0.0.208,DHCP address,10.0.0.0/24,False,False
10.0.0.209,DHCP address,10.0.0.0/24,False,False
10.0.0.210,DHCP address,10.0.0.0/24,False,False
10.0.0.211,DHCP address,10.0.0.0/24,False,False
10.0.0.212,DHCP address,10.0.0.0/24,False,False
10.0.0.213,DHCP address,10.0.0.0/24,False,False
10.0.0.214,DHCP address,10.0.0.0/24,False,False
10.0.0.215,DHCP address,10.0.0.0/24,False,False
10.0.0.216,DHCP address,10.0.0.0/24,False,False
10.0.0.217,DHCP address,10.0.0.0/24,False,False
10.0.0.218,DHCP address,10.0.0.0/24,False,False
10.0.0.219,DHCP address,10.0.0.0/24,False,False
10.0.0.220,DHCP address,10.0.0.0/24,False,False
10.0.0.221,DHCP address,10.0.0.0/24,False,False
10.0.0.222,DHCP address,10.0.0.0/24,False,False
10.0.0.223,DHCP address,10.0.0.0/24,False,False
10.0.0.224,DHCP address,10.0.0.0/24,False,False
10.0.0.225,DHCP address,10.0.0.0/24,False,False
10.0.0.226,DHCP address,10.0.0.0/24,False,False
10.0.0.227,DHCP address,10.0.0.0/24,False,False
10.0.0.228,DHCP address,10.0.0.0/24,False,False
10.0.0.229,DHCP address,10.0.0.0/24,False,False
10.0.0.230,DHCP address,10.0.0.0/24,False,False
10.0.0.231,DHCP address,10.0.0.0/24,False,False
10.0.0.232,DHCP address,10.0.0.0/24,False,False
10.0.0.233,DHCP address,10.0.0.0/24,False,False
10.0.0.234,DHCP address,10.0.0.0/24,False,False
10.0.0.235,DHCP address,10.0.0.0/24,False,False
10.0.0.236,DHCP address,10.0.0.0/24,False,False
10.0.0.237,DHCP address,10.0.0.0/24,False,False
10.0.0.238,DHCP address,10.0.0.0/24,False,False
10.0.0.239,DHCP address,10.0.0.0/24,False,False
10.0.0.240,DHCP address,10.0.0.0/24,False,False
10.0.0.241,DHCP address,10.0.0.0/24,False,False
10.0.0.242,DHCP address,10.0.0.0/24,False,False
10.0.0.243,DHCP address,10.0.0.0/24,False,False
10.0.0.244,DHCP address,10.0.0.0/24,False,False
10.0.0.245,DHCP address,10.0.0.0/24,False,False
10.0.0.246,DHCP address,10.0.0.0/24,False,False
10.0.0.247,DHCP address,10.0.0.0/24,False,False
10.0.0.248,DHCP address,10.0.0.0/24,False,False
10.0.0.249,DHCP address,10.0.0.0/24,False,False
10.0.0.250,DHCP address,10.0.0.0/24,False,False
10.0.0.251,,10.0.0.0/24,False,True
10.0.0.252,,10.0.0.0/24,False,True
10.0.0.253,,10.0.0.0/24,False,True
10.0.0.254,,10.0.0.0/24,False,True
10.0.0.255,,10.0.0.0/24,False,True
10.110.0.0,,10.110.0.0/24,,True
10.110.0.1,,10.110.0.0/24,,True
10.110.0.2,,10.110.0.0/24,,True
10.110.0.3,,10.110.0.0/24,,True
10.110.0.4,,10.110.0.0/24,,True
10.110.0.5,,10.110.0.0/24,,True
10.110.0.6,,10.110.0.0/24,,True
10.110.0.7,,10.110.0.0/24,,True
10.110.0.8,,10.110.0.0/24,,True
10.110.0.9,,10.110.0.0/24,,True
10.110.0.10,,10.110.0.0/24,,True
10.110.0.11,DHCP address,10.110.0.0/24,,False
10.110.0.12,DHCP address,10.110.0.0/24,,False
10.110.0.13,DHCP address,10.110.0.0/24,,False
10.110.0.14,DHCP address,10.110.0.0/24,,False
10.110.0.15,DHCP address,10.110.0.0/24,,False
10.110.0.16,DHCP address,10.110.0.0/24,,False
10.110.0.17,DHCP address,10.110.0.0/24,,False
10.110.0.18,DHCP address,10.110.0.0/24,,False
10.110.0.19,DHCP address,10.110.0.0/24,,False
10.110.0.20,DHCP address,10.110.0.0/24,,False
10.110.0.21,DHCP address,10.110.0.0/24,,False
10.110.0.22,DHCP address,10.110.0.0/24,,False
10.110.0.23,DHCP address,10.110.0.0/24,,False
10.110.0.24,DHCP address,10.110.0.0/24,,False
10.110.0.25,DHCP address,10.110.0.0/24,,False
10.110.0.26,DHCP address,10.110.0.0/24,,False
10.110.0.27,DHCP address,10.110.0.0/24,,False
10.110.0.28,DHCP address,10.110.0.0/24,,False
10.110.0.29,DHCP address,10.110.0.0/24,,False
10.110.0.30,DHCP address,10.110.0.0/24,,False
10.110.0.31,DHCP address,10.110.0.0/24,,False
10.110.0.32,DHCP address,10.110.0.0/24,,False
10.110.0.33,DHCP address,10.110.0.0/24,,False
10.110.0.34,DHCP address,10.110.0.0/24,,False
10.110.0.35,DHCP address,10.110.0.0/24,,False
10.110.0.36,DHCP address,10.110.0.0/24,,False
10.110.0.37,DHCP address,10.110.0.0/24,,False
10.110.0.38,DHCP address,10.110.0.0/24,,False
10.110.0.39,DHCP address,10.110.0.0/24,,False
10.110.0.40,DHCP address,10.110.0.0/24,,False
10.110.0.41,DHCP address,10.110.0.0/24,,False
10.110.0.42,DHCP address,10.110.0.0/24,,False
10.110.0.43,DHCP address,10.110.0.0/24,,False
10.110.0.44,DHCP address,10.110.0.0/24,,False
10.110.0.45,DHCP address,10.110.0.0/24,,False
10.110.0.46,DHCP address,10.110.0.0/24,,False
10.110.0.47,DHCP address,10.110.0.0/24,,False
10.110.0.48,DHCP address,10.110.0.0/24,,False
10.110.0.49,DHCP address,10.110.0.0/24,,False
10.110.0.50,DHCP address,10.110.0.0/24,,False
10.110.0.51,DHCP address,10.110.0.0/24,,False
10.110.0.52,DHCP address,10.110.0.0/24,,False
10.110.0.53,DHCP address,10.110.0.0/24,,False
10.110.0.54,DHCP address,10.110.0.0/24,,False
10.110.0.55,DHCP address,10.110.0.0/24,,False
10.110.0.56,DHCP address,10.110.0.0/24,,False
10.110.0.57,DHCP address,10.110.0.0/24,,False
10.110.0.58,DHCP address,10.110.0.0/24,,False
10.110.0.59,DHCP address,10.110.0.0/24,,False
10.110.0.60,DHCP address,10.110.0.0/24,,False
10.110.0.61,DHCP address,10.110.0.0/24,,False
10.110.0.62,DHCP address,10.110.0.0/24,,False
10.110.0.63,DHCP address,10.110.0.0/24,,False
10.110.0.64,DHCP address,10.110.0.0/24,,False
10.110.0.65,DHCP address,10.110.0.0/24,,False
10.110.0.66,DHCP address,10.110.0.0/24,,False
10.110.0.67,DHCP address,10.110.0.0/24,,False
10.110.0.68,DHCP address,10.110.0.0/24,,False
10.110.0.69,DHCP address,10.110.0.0/24,,False
10.110.0.70,DHCP address,10.110.0.0/24,,False
10.110.0.71,DHCP address,10.110.0.0/24,,False
10.110.0.72,DHCP address,10.110.0.0/24,,False
10.110.0.73,DHCP address,10.110.0.0/24,,False
10.110.0.74,DHCP address,10.110.0.0/24,,False
10.110.0.75,DHCP address,10.110.0.0/24,,False
10.110.0.76,DHCP address,10.110.0.0/24,,False
10.110.0.77,DHCP address,10.110.0.0/24,,False
10.110.0.78,DHCP address,10.110.0.0/24,,False
10.110.0.79,DHCP address,10.110.0.0/24,,False
10.110.0.80,DHCP address,10.110.0.0/24,,False
10.110.0.81,DHCP address,10.110.0.0/24,,False
10.110.0.82,DHCP address,10.110.0.0/24,,False
10.110.0.83,DHCP address,10.110.0.0/24,,False
10.110.0.84,DHCP address,10.110.0.0/24,,False
10.110.0.85,DHCP address,10.110.0.0/24,,False
10.110.0.86,DHCP address,10.110.0.0/24,,False
10.110.0.87,DHCP address,10.110.0.0/24,,False
10.110.0.88,DHCP address,10.110.0.0/24,,False
10.110.0.89,DHCP address,10.110.0.0/24,,False
10.110.0.90,DHCP address,10.110.0.0/24,,False
10.110.0.91,DHCP address,10.110.0.0/24,,False
10.110.0.92,DHCP address,10.110.0.0/24,,False
10.110.0.93,DHCP address,10.110.0.0/24,,False
10.110.0.94,DHCP address,10.110.0.0/24,,False
10.110.0.95,DHCP address,10.110.0.0/24,,False
10.110.0.96,DHCP address,10.110.0.0/24,,False
10.110.0.97,DHCP address,10.110.0.0/24,,False
10.110.0.98,DHCP address,10.110.0.0/24,,False
10.110.0.99,DHCP address,10.110.0.0/24,,False
10.110.0.100,DHCP address,10.110.0.0/24,,False
10.110.0.101,DHCP address,10.110.0.0/24,,False
10.110.0.102,DHCP address,10.110.0.0/24,,False
10.110.0.103,DHCP address,10.110.0.0/24,,False
10.110.0.104,DHCP address,10.110.0.0/24,,False
10.110.0.105,DHCP address,10.110.0.0/24,,False
10.110.0.106,DHCP address,10.110.0.0/24,,False
10.110.0.107,DHCP address,10.110.0.0/24,,False
10.110.0.108,DHCP address,10.110.0.0/24,,False
10.110.0.109,DHCP address,10.110.0.0/24,,False
10.110.0.110,DHCP address,10.110.0.0/24,,False
10.110.0.111,DHCP address,10.110.0.0/24,,False
10.110.0.112,DHCP address,10.110.0.0/24,,False
10.110.0.113,DHCP address,10.110.0.0/24,,False
10.110.0.114,DHCP address,10.110.0.0/24,,False
10.110.0.115,DHCP address,10.110.0.0/24,,False
10.110.0.116,DHCP address,10.110.0.0/24,,False
10.110.0.117,DHCP address,10.110.0.0/24,,False
10.110.0.118,DHCP address,10.110.0.0/24,,False
10.110.0.119,DHCP address,10.110.0.0/24,,False
10.110.0.120,DHCP address,10.110.0.0/24,,False
10.110.0.121,DHCP address,10.110.0.0/24,,False
10.110.0.122,DHCP address,10.110.0.0/24,,False
10.110.0.123,DHCP address,10.110.0.0/24,,False
10.110.0.124,DHCP address,10.110.0.0/24,,False
10.110.0.125,DHCP address,10.110.0.0/24,,False
10.110.0.126,DHCP address,10.110.0.0/24,,False
10.110.0.127,DHCP address,10.110.0.0/24,,False
10.110.0.128,DHCP address,10.110.0.0/24,,False
10.110.0.129,DHCP address,10.110.0.0/24,,False
10.110.0.130,DHCP address,10.110.0.0/24,,False
10.110.0.131,DHCP address,10.110.0.0/24,,False
10.110.0.132,DHCP address,10.110.0.0/24,,False
10.110.0.133,DHCP address,10.110.0.0/24,,False
10.110.0.134,DHCP address,10.110.0.0/24,,False
10.110.0.135,DHCP address,10.110.0.0/24,,False
10.110.0.136,DHCP address,10.110.0.0/24,,False
10.110.0.137,DHCP address,10.110.0.0/24,,False
10.110.0.138,DHCP address,10.110.0.0/24,,False
10.110.0.139,DHCP address,10.110.0.0/24,,False
10.110.0.140,DHCP address,10.110.0.0/24,,False
10.110.0.141,DHCP address,10.110.0.0/24,,False
10.110.0.142,DHCP address,10.110.0.0/24,,False
10.110.0.143,DHCP address,10.110.0.0/24,,False
10.110.0.144,DHCP address,10.110.0.0/24,,False
10.110.0.145,DHCP address,10.110.0.0/24,,False
10.110.0.146,DHCP address,10.110.0.0/24,,False
10.110.0.147,DHCP address,10.110.0.0/24,,False
10.110.0.148,DHCP address,10.110.0.0/24,,False
10.110.0.149,DHCP address,10.110.0.0/24,,False
10.110.0.150,DHCP address,10.110.0.0/24,,False
10.110.0.151,DHCP address,10.110.0.0/24,,False
10.110.0.152,DHCP address,10.110.0.0/24,,False
10.110.0.153,DHCP address,10.110.0.0/24,,False
10.110.0.154,DHCP address,10.110.0.0/24,,False
10.110.0.155,DHCP address,10.110.0.0/24,,False
10.110.0.156,DHCP address,10.110.0.0/24,,False
10.110.0.157,DHCP address,10.110.0.0/24,,False
10.110.0.158,DHCP address,10.110.0.0/24,,False
10.110.0.159,DHCP address,10.110.0.0/24,,False
10.110.0.160,DHCP address,10.110.0.0/24,,False
10.110.0.161,DHCP address,10.110.0.0/24,,False
10.110.0.162,DHCP address,10.110.0.0/24,,False
10.110.0.163,DHCP address,10.110.0.0/24,,False
10.110.0.164,DHCP address,10.110.0.0/24,,False
10.110.0.165,DHCP address,10.110.0.0/24,,False
10.110.0.166,DHCP address,10.110.0.0/24,,False
10.110.0.167,DHCP address,10.110.0.0/24,,False
10.110.0.168,DHCP address,10.110.0.0/24,,False
10.110.0.169,DHCP address,10.110.0.0/24,,False
10.110.0.170,DHCP address,10.110.0.0/24,,False
10.110.0.171,DHCP address,10.110.0.0/24,,False
10.110.0.172,DHCP address,10.110.0.0/24,,False
10.110.0.173,DHCP address,10.110.0.0/24,,False
10.110.0.174,DHCP address,10.110.0.0/24,,False
10.110.0.175,DHCP address,10.110.0.0/24,,False
10.110.0.176,DHCP address,10.110.0.0/24,,False
10.110.0.177,DHCP address,10.110.0.0/24,,False
10.110.0.178,DHCP address,10.110.0.0/24,,False
10.110.0.179,DHCP address,10.110.0.0/24,,False
10.110.0.180,DHCP address,10.110.0.0/24,,False
10.110.0.181,DHCP address,10.110.0.0/24,,False
10.110.0.182,DHCP address,10.110.0.0/24,,False
10.110.0.183,DHCP address,10.110.0.0/24,,False
10.110.0.184,DHCP address,10.110.0.0/24,,False
10.110.0.185,DHCP address,10.110.0.0/24,,False
10.110.0.186,DHCP address,10.110.0.0/24,,False
10.110.0.187,DHCP address,10.110.0.0/24,,False
10.110.0.188,DHCP address,10.110.0.0/24,,False
10.110.0.189,DHCP address,10.110.0.0/24,,False
10.110.0.190,DHCP address,10.110.0.0/24,,False
10.110.0.191,DHCP address,10.110.0.0/24,,False
10.110.0.192,DHCP address,10.110.0.0/24,,False
10.110.0.193,DHCP address,10.110.0.0/24,,False
10.110.0.194,DHCP address,10.110.0.0/24,,False
10.110.0.195,DHCP address,10.110.0.0/24,,False
10.110.0.196,DHCP address,10.110.0.0/24,,False
10.110.0.197,DHCP address,10.110.0.0/24,,False
10.110.0.198,DHCP address,10.110.0.0/24,,False
10.110.0.199,DHCP address,10.110.0.0/24,,False
10.110.0.200,DHCP address,10.110.0.0/24,,False
10.110.0.201,DHCP address,10.110.0.0/24,,False
10.110.0.202,DHCP address,10.110.0.0/24,,False
10.110.0.203,DHCP address,10.110.0.0/24,,False
10.110.0.204,DHCP address,10.110.0.0/24,,False
10.110.0.205,DHCP address,10.110.0.0/24,,False
10.110.0.206,DHCP address,10.110.0.0/24,,False
10.110.0.207,DHCP address,10.110.0.0/24,,False
10.110.0.208,DHCP address,10.110.0.0/24,,False
10.110.0.209,DHCP address,10.110.0.0/24,,False
10.110.0.210,DHCP address,10.110.0.0/24,,False
10.110.0.211,DHCP address,10.110.0.0/24,,False
10.110.0.212,DHCP address,10.110.0.0/24,,False
10.110.0.213,DHCP address,10.110.0.0/24,,False
10.110.0.214,DHCP address,10.110.0.0/24,,False
10.110.0.215,DHCP address,10.110.0.0/24,,False
10.110.0.216,DHCP address,10.110.0.0/24,,False
10.110.0.217,DHCP address,10.110.0.0/24,,False
10.110.0.218,DHCP address,10.110.0.0/24,,False
10.110.0.219,DHCP address,10.110.0.0/24,,False
10.110.0.220,DHCP address,10.110.0.0/24,,False
10.110.0.221,DHCP address,10.110.0.0/24,,False
10.110.0.222,DHCP address,10.110.0.0/24,,False
10.110.0.223,DHCP address,10.110.0.0/24,,False
10.110.0.224,DHCP address,10.110.0.0/24,,False
10.110.0.225,DHCP address,10.110.0.0/24,,False
10.110.0.226,DHCP address,10.110.0.0/24,,False
10.110.0.227,DHCP address,10.110.0.0/24,,False
10.110.0.228,DHCP address,10.110.0.0/24,,False
10.110.0.229,DHCP address,10.110.0.0/24,,False
10.110.0.230,DHCP address,10.110.0.0/24,,False
10.110.0.231,DHCP address,10.110.0.0/24,,False
10.110.0.232,DHCP address,10.110.0.0/24,,False
10.110.0.233,DHCP address,10.110.0.0/24,,False
10.110.0.234,DHCP address,10.110.0.0/24,,False
10.110.0.235,DHCP address,10.110.0.0/24,,False
10.110.0.236,DHCP address,10.110.0.0/24,,False
10.110.0.237,DHCP address,10.110.0.0/24,,False
10.110.0.238,DHCP address,10.110.0.0/24,,False
10.110.0.239,DHCP address,10.110.0.0/24,,False
10.110.0.240,DHCP address,10.110.0.0/24,,False
10.110.0.241,DHCP address,10.110.0.0/24,,False
10.110.0.242,DHCP address,10.110.0.0/24,,False
10.110.0.243,DHCP address,10.110.0.0/24,,False
10.110.0.244,DHCP address,10.110.0.0/24,,False
10.110.0.245,DHCP address,10.110.0.0/24,,False
10.110.0.246,DHCP address,10.110.0.0/24,,False
10.110.0.247,DHCP address,10.110.0.0/24,,False
10.110.0.248,DHCP address,10.110.0.0/24,,False
10.110.0.249,DHCP address,10.110.0.0/24,,False
10.110.0.250,DHCP address,10.110.0.0/24,,False
10.110.0.251,,10.110.0.0/24,,True
10.110.0.252,,10.110.0.0/24,,True
10.110.0.253,,10.110.0.0/24,,True
10.110.0.254,,10.110.0.0/24,,True
10.110.0.255,,10.110.0.0/24,,True
10.110.110.0,,10.110.110.0/24,,True
10.110.110.1,,10.110.110.0/24,,True
10.110.110.2,,10.110.110.0/24,,True
10.110.110.3,,10.110.110.0/24,,True
10.110.110.4,,10.110.110.0/24,,True
10.110.110.5,,10.110.110.0/24,,True
10.110.110.6,,10.110.110.0/24,,True
10.110.110.7,,10.110.110.0/24,,True
10.110.110.8,,10.110.110.0/24,,True
10.110.110.9,,10.110.110.0/24,,True
10.110.110.10,,10.110.110.0/24,,True
10.110.110.11,DHCP address,10.110.110.0/24,,False
10.110.110.12,DHCP address,10.110.110.0/24,,False
10.110.110.13,DHCP address,10.110.110.0/24,,False
10.110.110.14,DHCP address,10.110.110.0/24,,False
10.110.110.15,DHCP address,10.110.110.0/24,,False
10.110.110.16,DHCP address,10.110.110.0/24,,False
10.110.110.17,DHCP address,10.110.110.0/24,,False
10.110.110.18,DHCP address,10.110.110.0/24,,False
10.110.110.19,DHCP address,10.110.110.0/24,,False
10.110.110.20,DHCP address,10.110.110.0/24,,False
10.110.110.21,DHCP address,10.110.110.0/24,,False
10.110.110.22,DHCP address,10.110.110.0/24,,False
10.110.110.23,DHCP address,10.110.110.0/24,,False
10.110.110.24,DHCP address,10.110.110.0/24,,False
10.110.110.25,DHCP address,10.110.110.0/24,,False
10.110.110.26,DHCP address,10.110.110.0/24,,False
10.110.110.27,DHCP address,10.110.110.0/24,,False
10.110.110.28,DHCP address,10.110.110.0/24,,False
10.110.110.29,DHCP address,10.110.110.0/24,,False
10.110.110.30,DHCP address,10.110.110.0/24,,False
10.110.110.31,DHCP address,10.110.110.0/24,,False
10.110.110.32,DHCP address,10.110.110.0/24,,False
10.110.110.33,DHCP address,10.110.110.0/24,,False
10.110.110.34,DHCP address,10.110.110.0/24,,False
10.110.110.35,DHCP address,10.110.110.0/24,,False
10.110.110.36,DHCP address,10.110.110.0/24,,False
10.110.110.37,DHCP address,10.110.110.0/24,,False
10.110.110.38,DHCP address,10.110.110.0/24,,False
10.110.110.39,DHCP address,10.110.110.0/24,,False
10.110.110.40,DHCP address,10.110.110.0/24,,False
10.110.110.41,DHCP address,10.110.110.0/24,,False
10.110.110.42,DHCP address,10.110.110.0/24,,False
10.110.110.43,DHCP address,10.110.110.0/24,,False
10.110.110.44,DHCP address,10.110.110.0/24,,False
10.110.110.45,DHCP address,10.110.110.0/24,,False
10.110.110.46,DHCP address,10.110.110.0/24,,False
10.110.110.47,DHCP address,10.110.110.0/24,,False
10.110.110.48,DHCP address,10.110.110.0/24,,False
10.110.110.49,DHCP address,10.110.110.0/24,,False
10.110.110.50,DHCP address,10.110.110.0/24,,False
10.110.110.51,DHCP address,10.110.110.0/24,,False
10.110.110.52,DHCP address,10.110.110.0/24,,False
10.110.110.53,DHCP address,10.110.110.0/24,,False
10.110.110.54,DHCP address,10.110.110.0/24,,False
10.110.110.55,DHCP address,10.110.110.0/24,,False
10.110.110.56,DHCP address,10.110.110.0/24,,False
10.110.110.57,DHCP address,10.110.110.0/24,,False
10.110.110.58,DHCP address,10.110.110.0/24,,False
10.110.110.59,DHCP address,10.110.110.0/24,,False
10.110.110.60,DHCP address,10.110.110.0/24,,False
10.110.110.61,DHCP address,10.110.110.0/24,,False
10.110.110.62,DHCP address,10.110.110.0/24,,False
10.110.110.63,DHCP address,10.110.110.0/24,,False
10.110.110.64,DHCP address,10.110.110.0/24,,False
10.110.110.65,DHCP address,10.110.110.0/24,,False
10.110.110.66,DHCP address,10.110.110.0/24,,False
10.110.110.67,DHCP address,10.110.110.0/24,,False
10.110.110.68,DHCP address,10.110.110.0/24,,False
10.110.110.69,DHCP address,10.110.110.0/24,,False
10.110.110.70,DHCP address,10.110.110.0/24,,False
10.110.110.71,DHCP address,10.110.110.0/24,,False
10.110.110.72,DHCP address,10.110.110.0/24,,False
10.110.110.73,DHCP address,10.110.110.0/24,,False
10.110.110.74,DHCP address,10.110.110.0/24,,False
10.110.110.75,DHCP address,10.110.110.0/24,,False
10.110.110.76,DHCP address,10.110.110.0/24,,False
10.110.110.77,DHCP address,10.110.110.0/24,,False
10.110.110.78,DHCP address,10.110.110.0/24,,False
10.110.110.79,DHCP address,10.110.110.0/24,,False
10.110.110.80,DHCP address,10.110.110.0/24,,False
10.110.110.81,DHCP address,10.110.110.0/24,,False
10.110.110.82,DHCP address,10.110.110.0/24,,False
10.110.110.83,DHCP address,10.110.110.0/24,,False
10.110.110.84,DHCP address,10.110.110.0/24,,False
10.110.110.85,DHCP address,10.110.110.0/24,,False
10.110.110.86,DHCP address,10.110.110.0/24,,False
10.110.110.87,DHCP address,10.110.110.0/24,,False
10.110.110.88,DHCP address,10.110.110.0/24,,False
10.110.110.89,DHCP address,10.110.110.0/24,,False
10.110.110.90,DHCP address,10.110.110.0/24,,False
10.110.110.91,DHCP address,10.110.110.0/24,,False
10.110.110.92,DHCP address,10.110.110.0/24,,False
10.110.110.93,DHCP address,10.110.110.0/24,,False
10.110.110.94,DHCP address,10.110.110.0/24,,False
10.110.110.95,DHCP address,10.110.110.0/24,,False
10.110.110.96,DHCP address,10.110.110.0/24,,False
10.110.110.97,DHCP address,10.110.110.0/24,,False
10.110.110.98,DHCP address,10.110.110.0/24,,False
10.110.110.99,DHCP address,10.110.110.0/24,,False
10.110.110.100,DHCP address,10.110.110.0/24,,False
10.110.110.101,DHCP address,10.110.110.0/24,,False
10.110.110.102,DHCP address,10.110.110.0/24,,False
10.110.110.103,DHCP address,10.110.110.0/24,,False
10.110.110.104,DHCP address,10.110.110.0/24,,False
10.110.110.105,DHCP address,10.110.110.0/24,,False
10.110.110.106,DHCP address,10.110.110.0/24,,False
10.110.110.107,DHCP address,10.110.110.0/24,,False
10.110.110.108,DHCP address,10.110.110.0/24,,False
10.110.110.109,DHCP address,10.110.110.0/24,,False
10.110.110.110,DHCP address,10.110.110.0/24,,False
10.110.110.111,DHCP address,10.110.110.0/24,,False
10.110.110.112,DHCP address,10.110.110.0/24,,False
10.110.110.113,DHCP address,10.110.110.0/24,,False
10.110.110.114,DHCP address,10.110.110.0/24,,False
10.110.110.115,DHCP address,10.110.110.0/24,,False
10.110.110.116,DHCP address,10.110.110.0/24,,False
10.110.110.117,DHCP address,10.110.110.0/24,,False
10.110.110.118,DHCP address,10.110.110.0/24,,False
10.110.110.119,DHCP address,10.110.110.0/24,,False
10.110.110.120,DHCP address,10.110.110.0/24,,False
10.110.110.121,DHCP address,10.110.110.0/24,,False
10.110.110.122,DHCP address,10.110.110.0/24,,False
10.110.110.123,DHCP address,10.110.110.0/24,,False
10.110.110.124,DHCP address,10.110.110.0/24,,False
10.110.110.125,DHCP address,10.110.110.0/24,,False
10.110.110.126,DHCP address,10.110.110.0/24,,False
10.110.110.127,DHCP address,10.110.110.0/24,,False
10.110.110.128,DHCP address,10.110.110.0/24,,False
10.110.110.129,DHCP address,10.110.110.0/24,,False
10.110.110.130,DHCP address,10.110.110.0/24,,False
10.110.110.131,DHCP address,10.110.110.0/24,,False
10.110.110.132,DHCP address,10.110.110.0/24,,False
10.110.110.133,DHCP address,10.110.110.0/24,,False
10.110.110.134,DHCP address,10.110.110.0/24,,False
10.110.110.135,DHCP address,10.110.110.0/24,,False
10.110.110.136,DHCP address,10.110.110.0/24,,False
10.110.110.137,DHCP address,10.110.110.0/24,,False
10.110.110.138,DHCP address,10.110.110.0/24,,False
10.110.110.139,DHCP address,10.110.110.0/24,,False
10.110.110.140,DHCP address,10.110.110.0/24,,False
10.110.110.141,DHCP address,10.110.110.0/24,,False
10.110.110.142,DHCP address,10.110.110.0/24,,False
10.110.110.143,DHCP address,10.110.110.0/24,,False
10.110.110.144,DHCP address,10.110.110.0/24,,False
10.110.110.145,DHCP address,10.110.110.0/24,,False
10.110.110.146,DHCP address,10.110.110.0/24,,False
10.110.110.147,DHCP address,10.110.110.0/24,,False
10.110.110.148,DHCP address,10.110.110.0/24,,False
10.110.110.149,DHCP address,10.110.110.0/24,,False
10.110.110.150,DHCP address,10.110.110.0/24,,False
10.110.110.151,DHCP address,10.110.110.0/24,,False
10.110.110.152,DHCP address,10.110.110.0/24,,False
10.110.110.153,DHCP address,10.110.110.0/24,,False
10.110.110.154,DHCP address,10.110.110.0/24,,False
10.110.110.155,DHCP address,10.110.110.0/24,,False
10.110.110.156,DHCP address,10.110.110.0/24,,False
10.110.110.157,DHCP address,10.110.110.0/24,,False
10.110.110.158,DHCP address,10.110.110.0/24,,False
10.110.110.159,DHCP address,10.110.110.0/24,,False
10.110.110.160,DHCP address,10.110.110.0/24,,False
10.110.110.161,DHCP address,10.110.110.0/24,,False
10.110.110.162,DHCP address,10.110.110.0/24,,False
10.110.110.163,DHCP address,10.110.110.0/24,,False
10.110.110.164,DHCP address,10.110.110.0/24,,False
10.110.110.165,DHCP address,10.110.110.0/24,,False
10.110.110.166,DHCP address,10.110.110.0/24,,False
10.110.110.167,DHCP address,10.110.110.0/24,,False
10.110.110.168,DHCP address,10.110.110.0/24,,False
10.110.110.169,DHCP address,10.110.110.0/24,,False
10.110.110.170,DHCP address,10.110.110.0/24,,False
10.110.110.171,DHCP address,10.110.110.0/24,,False
10.110.110.172,DHCP address,10.110.110.0/24,,False
10.110.110.173,DHCP address,10.110.110.0/24,,False
10.110.110.174,DHCP address,10.110.110.0/24,,False
10.110.110.175,DHCP address,10.110.110.0/24,,False
10.110.110.176,DHCP address,10.110.110.0/24,,False
10.110.110.177,DHCP address,10.110.110.0/24,,False
10.110.110.178,DHCP address,10.110.110.0/24,,False
10.110.110.179,DHCP address,10.110.110.0/24,,False
10.110.110.180,DHCP address,10.110.110.0/24,,False
10.110.110.181,DHCP address,10.110.110.0/24,,False
10.110.110.182,DHCP address,10.110.110.0/24,,False
10.110.110.183,DHCP address,10.110.110.0/24,,False
10.110.110.184,DHCP address,10.110.110.0/24,,False
10.110.110.185,DHCP address,10.110.110.0/24,,False
10.110.110.186,DHCP address,10.110.110.0/24,,False
10.110.110.187,DHCP address,10.110.110.0/24,,False
10.110.110.188,DHCP address,10.110.110.0/24,,False
10.110.110.189,DHCP address,10.110.110.0/24,,False
10.110.110.190,DHCP address,10.110.110.0/24,,False
10.110.110.191,DHCP address,10.110.110.0/24,,False
10.110.110.192,DHCP address,10.110.110.0/24,,False
10.110.110.193,DHCP address,10.110.110.0/24,,False
10.110.110.194,DHCP address,10.110.110.0/24,,False
10.110.110.195,DHCP address,10.110.110.0/24,,False
10.110.110.196,DHCP address,10.110.110.0/24,,False
10.110.110.197,DHCP address,10.110.110.0/24,,False
10.110.110.198,DHCP address,10.110.110.0/24,,False
10.110.110.199,DHCP address,10.110.110.0/24,,False
10.110.110.200,DHCP address,10.110.110.0/24,,False
10.110.110.201,DHCP address,10.110.110.0/24,,False
10.110.110.202,DHCP address,10.110.110.0/24,,False
10.110.110.203,DHCP address,10.110.110.0/24,,False
10.110.110.204,DHCP address,10.110.110.0/24,,False
10.110.110.205,DHCP address,10.110.110.0/24,,False
10.110.110.206,DHCP address,10.110.110.0/24,,False
10.110.110.207,DHCP address,10.110.110.0/24,,False
10.110.110.208,DHCP address,10.110.110.0/24,,False
10.110.110.209,DHCP address,10.110.110.0/24,,False
10.110.110.210,DHCP address,10.110.110.0/24,,False
10.110.110.211,DHCP address,10.110.110.0/24,,False
10.110.110.212,DHCP address,10.110.110.0/24,,False
10.110.110.213,DHCP address,10.110.110.0/24,,False
10.110.110.214,DHCP address,10.110.110.0/24,,False
10.110.110.215,DHCP address,10.110.110.0/24,,False
10.110.110.216,DHCP address,10.110.110.0/24,,False
10.110.110.217,DHCP address,10.110.110.0/24,,False
10.110.110.218,DHCP address,10.110.110.0/24,,False
10.110.110.219,DHCP address,10.110.110.0/24,,False
10.110.110.220,DHCP address,10.110.110.0/24,,False
10.110.110.221,DHCP address,10.110.110.0/24,,False
10.110.110.222,DHCP address,10.110.110.0/24,,False
10.110.110.223,DHCP address,10.110.110.0/24,,False
10.110.110.224,DHCP address,10.110.110.0/24,,False
10.110.110.225,DHCP address,10.110.110.0/24,,False
10.110.110.226,DHCP address,10.110.110.0/24,,False
10.110.110.227,DHCP address,10.110.110.0/24,,False
10.110.110.228,DHCP address,10.110.110.0/24,,False
10.110.110.229,DHCP address,10.110.110.0/24,,False
10.110.110.230,DHCP address,10.110.110.0/24,,False
10.110.110.231,DHCP address,10.110.110.0/24,,False
10.110.110.232,DHCP address,10.110.110.0/24,,False
10.110.110.233,DHCP address,10.110.110.0/24,,False
10.110.110.234,DHCP address,10.110.110.0/24,,False
10.110.110.235,DHCP address,10.110.110.0/24,,False
10.110.110.236,DHCP address,10.110.110.0/24,,False
10.110.110.237,DHCP address,10.110.110.0/24,,False
10.110.110.238,DHCP address,10.110.110.0/24,,False
10.110.110.239,DHCP address,10.110.110.0/24,,False
10.110.110.240,DHCP address,10.110.110.0/24,,False
10.110.110.241,DHCP address,10.110.110.0/24,,False
10.110.110.242,DHCP address,10.110.110.0/24,,False
10.110.110.243,DHCP address,10.110.110.0/24,,False
10.110.110.244,DHCP address,10.110.110.0/24,,False
10.110.110.245,DHCP address,10.110.110.0/24,,False
10.110.110.246,DHCP address,10.110.110.0/24,,False
10.110.110.247,DHCP address,10.110.110.0/24,,False
10.110.110.248,DHCP address,10.110.110.0/24,,False
10.110.110.249,DHCP address,10.110.110.0/24,,False
10.110.110.250,DHCP address,10.110.110.0/24,,False
10.110.110.251,,10.110.110.0/24,,True
10.110.110.252,,10.110.110.0/24,,True
10.110.110.253,,10.110.110.0/24,,True
10.110.110.254,,10.110.110.0/24,,True
10.110.110.255,,10.110.110.0/24,,True
10.110.120.0,,10.110.120.0/24,,True
10.110.120.1,,10.110.120.0/24,,True
10.110.120.2,,10.110.120.0/24,,True
10.110.120.3,,10.110.120.0/24,,True
10.110.120.4,,10.110.120.0/24,,True
10.110.120.5,,10.110.120.0/24,,True
10.110.120.6,,10.110.120.0/24,,True
10.110.120.7,,10.110.120.0/24,,True
10.110.120.8,,10.110.120.0/24,,True
10.110.120.9,,10.110.120.0/24,,True
10.110.120.10,,10.110.120.0/24,,True
10.110.120.11,DHCP address,10.110.120.0/24,,False
10.110.120.12,DHCP address,10.110.120.0/24,,False
10.110.120.13,DHCP address,10.110.120.0/24,,False
10.110.120.14,DHCP address,10.110.120.0/24,,False
10.110.120.15,DHCP address,10.110.120.0/24,,False
10.110.120.16,DHCP address,10.110.120.0/24,,False
10.110.120.17,DHCP address,10.110.120.0/24,,False
10.110.120.18,DHCP address,10.110.120.0/24,,False
10.110.120.19,DHCP address,10.110.120.0/24,,False
10.110.120.20,DHCP address,10.110.120.0/24,,False
10.110.120.21,DHCP address,10.110.120.0/24,,False
10.110.120.22,DHCP address,10.110.120.0/24,,False
10.110.120.23,DHCP address,10.110.120.0/24,,False
10.110.120.24,DHCP address,10.110.120.0/24,,False
10.110.120.25,DHCP address,10.110.120.0/24,,False
10.110.120.26,DHCP address,10.110.120.0/24,,False
10.110.120.27,DHCP address,10.110.120.0/24,,False
10.110.120.28,DHCP address,10.110.120.0/24,,False
10.110.120.29,DHCP address,10.110.120.0/24,,False
10.110.120.30,DHCP address,10.110.120.0/24,,False
10.110.120.31,DHCP address,10.110.120.0/24,,False
10.110.120.32,DHCP address,10.110.120.0/24,,False
10.110.120.33,DHCP address,10.110.120.0/24,,False
10.110.120.34,DHCP address,10.110.120.0/24,,False
10.110.120.35,DHCP address,10.110.120.0/24,,False
10.110.120.36,DHCP address,10.110.120.0/24,,False
10.110.120.37,DHCP address,10.110.120.0/24,,False
10.110.120.38,DHCP address,10.110.120.0/24,,False
10.110.120.39,DHCP address,10.110.120.0/24,,False
10.110.120.40,DHCP address,10.110.120.0/24,,False
10.110.120.41,DHCP address,10.110.120.0/24,,False
10.110.120.42,DHCP address,10.110.120.0/24,,False
10.110.120.43,DHCP address,10.110.120.0/24,,False
10.110.120.44,DHCP address,10.110.120.0/24,,False
10.110.120.45,DHCP address,10.110.120.0/24,,False
10.110.120.46,DHCP address,10.110.120.0/24,,False
10.110.120.47,DHCP address,10.110.120.0/24,,False
10.110.120.48,DHCP address,10.110.120.0/24,,False
10.110.120.49,DHCP address,10.110.120.0/24,,False
10.110.120.50,DHCP address,10.110.120.0/24,,False
10.110.120.51,DHCP address,10.110.120.0/24,,False
10.110.120.52,DHCP address,10.110.120.0/24,,False
10.110.120.53,DHCP address,10.110.120.0/24,,False
10.110.120.54,DHCP address,10.110.120.0/24,,False
10.110.120.55,DHCP address,10.110.120.0/24,,False
10.110.120.56,DHCP address,10.110.120.0/24,,False
10.110.120.57,DHCP address,10.110.120.0/24,,False
10.110.120.58,DHCP address,10.110.120.0/24,,False
10.110.120.59,DHCP address,10.110.120.0/24,,False
10.110.120.60,DHCP address,10.110.120.0/24,,False
10.110.120.61,DHCP address,10.110.120.0/24,,False
10.110.120.62,DHCP address,10.110.120.0/24,,False
10.110.120.63,DHCP address,10.110.120.0/24,,False
10.110.120.64,DHCP address,10.110.120.0/24,,False
10.110.120.65,DHCP address,10.110.120.0/24,,False
10.110.120.66,DHCP address,10.110.120.0/24,,False
10.110.120.67,DHCP address,10.110.120.0/24,,False
10.110.120.68,DHCP address,10.110.120.0/24,,False
10.110.120.69,DHCP address,10.110.120.0/24,,False
10.110.120.70,DHCP address,10.110.120.0/24,,False
10.110.120.71,DHCP address,10.110.120.0/24,,False
10.110.120.72,DHCP address,10.110.120.0/24,,False
10.110.120.73,DHCP address,10.110.120.0/24,,False
10.110.120.74,DHCP address,10.110.120.0/24,,False
10.110.120.75,DHCP address,10.110.120.0/24,,False
10.110.120.76,DHCP address,10.110.120.0/24,,False
10.110.120.77,DHCP address,10.110.120.0/24,,False
10.110.120.78,DHCP address,10.110.120.0/24,,False
10.110.120.79,DHCP address,10.110.120.0/24,,False
10.110.120.80,DHCP address,10.110.120.0/24,,False
10.110.120.81,DHCP address,10.110.120.0/24,,False
10.110.120.82,DHCP address,10.110.120.0/24,,False
10.110.120.83,DHCP address,10.110.120.0/24,,False
10.110.120.84,DHCP address,10.110.120.0/24,,False
10.110.120.85,DHCP address,10.110.120.0/24,,False
10.110.120.86,DHCP address,10.110.120.0/24,,False
10.110.120.87,DHCP address,10.110.120.0/24,,False
10.110.120.88,DHCP address,10.110.120.0/24,,False
10.110.120.89,DHCP address,10.110.120.0/24,,False
10.110.120.90,DHCP address,10.110.120.0/24,,False
10.110.120.91,DHCP address,10.110.120.0/24,,False
10.110.120.92,DHCP address,10.110.120.0/24,,False
10.110.120.93,DHCP address,10.110.120.0/24,,False
10.110.120.94,DHCP address,10.110.120.0/24,,False
10.110.120.95,DHCP address,10.110.120.0/24,,False
10.110.120.96,DHCP address,10.110.120.0/24,,False
10.110.120.97,DHCP address,10.110.120.0/24,,False
10.110.120.98,DHCP address,10.110.120.0/24,,False
10.110.120.99,DHCP address,10.110.120.0/24,,False
10.110.120.100,DHCP address,10.110.120.0/24,,False
10.110.120.101,DHCP address,10.110.120.0/24,,False
10.110.120.102,DHCP address,10.110.120.0/24,,False
10.110.120.103,DHCP address,10.110.120.0/24,,False
10.110.120.104,DHCP address,10.110.120.0/24,,False
10.110.120.105,DHCP address,10.110.120.0/24,,False
10.110.120.106,DHCP address,10.110.120.0/24,,False
10.110.120.107,DHCP address,10.110.120.0/24,,False
10.110.120.108,DHCP address,10.110.120.0/24,,False
10.110.120.109,DHCP address,10.110.120.0/24,,False
10.110.120.110,DHCP address,10.110.120.0/24,,False
10.110.120.111,DHCP address,10.110.120.0/24,,False
10.110.120.112,DHCP address,10.110.120.0/24,,False
10.110.120.113,DHCP address,10.110.120.0/24,,False
10.110.120.114,DHCP address,10.110.120.0/24,,False
10.110.120.115,DHCP address,10.110.120.0/24,,False
10.110.120.116,DHCP address,10.110.120.0/24,,False
10.110.120.117,DHCP address,10.110.120.0/24,,False
10.110.120.118,DHCP address,10.110.120.0/24,,False
10.110.120.119,DHCP address,10.110.120.0/24,,False
10.110.120.120,DHCP address,10.110.120.0/24,,False
10.110.120.121,DHCP address,10.110.120.0/24,,False
10.110.120.122,DHCP address,10.110.120.0/24,,False
10.110.120.123,DHCP address,10.110.120.0/24,,False
10.110.120.124,DHCP address,10.110.120.0/24,,False
10.110.120.125,DHCP address,10.110.120.0/24,,False
10.110.120.126,DHCP address,10.110.120.0/24,,False
10.110.120.127,DHCP address,10.110.120.0/24,,False
10.110.120.128,DHCP address,10.110.120.0/24,,False
10.110.120.129,DHCP address,10.110.120.0/24,,False
10.110.120.130,DHCP address,10.110.120.0/24,,False
10.110.120.131,DHCP address,10.110.120.0/24,,False
10.110.120.132,DHCP address,10.110.120.0/24,,False
10.110.120.133,DHCP address,10.110.120.0/24,,False
10.110.120.134,DHCP address,10.110.120.0/24,,False
10.110.120.135,DHCP address,10.110.120.0/24,,False
10.110.120.136,DHCP address,10.110.120.0/24,,False
10.110.120.137,DHCP address,10.110.120.0/24,,False
10.110.120.138,DHCP address,10.110.120.0/24,,False
10.110.120.139,DHCP address,10.110.120.0/24,,False
10.110.120.140,DHCP address,10.110.120.0/24,,False
10.110.120.141,DHCP address,10.110.120.0/24,,False
10.110.120.142,DHCP address,10.110.120.0/24,,False
10.110.120.143,DHCP address,10.110.120.0/24,,False
10.110.120.144,DHCP address,10.110.120.0/24,,False
10.110.120.145,DHCP address,10.110.120.0/24,,False
10.110.120.146,DHCP address,10.110.120.0/24,,False
10.110.120.147,DHCP address,10.110.120.0/24,,False
10.110.120.148,DHCP address,10.110.120.0/24,,False
10.110.120.149,DHCP address,10.110.120.0/24,,False
10.110.120.150,DHCP address,10.110.120.0/24,,False
10.110.120.151,DHCP address,10.110.120.0/24,,False
10.110.120.152,DHCP address,10.110.120.0/24,,False
10.110.120.153,DHCP address,10.110.120.0/24,,False
10.110.120.154,DHCP address,10.110.120.0/24,,False
10.110.120.155,DHCP address,10.110.120.0/24,,False
10.110.120.156,DHCP address,10.110.120.0/24,,False
10.110.120.157,DHCP address,10.110.120.0/24,,False
10.110.120.158,DHCP address,10.110.120.0/24,,False
10.110.120.159,DHCP address,10.110.120.0/24,,False
10.110.120.160,DHCP address,10.110.120.0/24,,False
10.110.120.161,DHCP address,10.110.120.0/24,,False
10.110.120.162,DHCP address,10.110.120.0/24,,False
10.110.120.163,DHCP address,10.110.120.0/24,,False
10.110.120.164,DHCP address,10.110.120.0/24,,False
10.110.120.165,DHCP address,10.110.120.0/24,,False
10.110.120.166,DHCP address,10.110.120.0/24,,False
10.110.120.167,DHCP address,10.110.120.0/24,,False
10.110.120.168,DHCP address,10.110.120.0/24,,False
10.110.120.169,DHCP address,10.110.120.0/24,,False
10.110.120.170,DHCP address,10.110.120.0/24,,False
10.110.120.171,DHCP address,10.110.120.0/24,,False
10.110.120.172,DHCP address,10.110.120.0/24,,False
10.110.120.173,DHCP address,10.110.120.0/24,,False
10.110.120.174,DHCP address,10.110.120.0/24,,False
10.110.120.175,DHCP address,10.110.120.0/24,,False
10.110.120.176,DHCP address,10.110.120.0/24,,False
10.110.120.177,DHCP address,10.110.120.0/24,,False
10.110.120.178,DHCP address,10.110.120.0/24,,False
10.110.120.179,DHCP address,10.110.120.0/24,,False
10.110.120.180,DHCP address,10.110.120.0/24,,False
10.110.120.181,DHCP address,10.110.120.0/24,,False
10.110.120.182,DHCP address,10.110.120.0/24,,False
10.110.120.183,DHCP address,10.110.120.0/24,,False
10.110.120.184,DHCP address,10.110.120.0/24,,False
10.110.120.185,DHCP address,10.110.120.0/24,,False
10.110.120.186,DHCP address,10.110.120.0/24,,False
10.110.120.187,DHCP address,10.110.120.0/24,,False
10.110.120.188,DHCP address,10.110.120.0/24,,False
10.110.120.189,DHCP address,10.110.120.0/24,,False
10.110.120.190,DHCP address,10.110.120.0/24,,False
10.110.120.191,DHCP address,10.110.120.0/24,,False
10.110.120.192,DHCP address,10.110.120.0/24,,False
10.110.120.193,DHCP address,10.110.120.0/24,,False
10.110.120.194,DHCP address,10.110.120.0/24,,False
10.110.120.195,DHCP address,10.110.120.0/24,,False
10.110.120.196,DHCP address,10.110.120.0/24,,False
10.110.120.197,DHCP address,10.110.120.0/24,,False
10.110.120.198,DHCP address,10.110.120.0/24,,False
10.110.120.199,DHCP address,10.110.120.0/24,,False
10.110.120.200,DHCP address,10.110.120.0/24,,False
10.110.120.201,DHCP address,10.110.120.0/24,,False
10.110.120.202,DHCP address,10.110.120.0/24,,False
10.110.120.203,DHCP address,10.110.120.0/24,,False
10.110.120.204,DHCP address,10.110.120.0/24,,False
10.110.120.205,DHCP address,10.110.120.0/24,,False
10.110.120.206,DHCP address,10.110.120.0/24,,False
10.110.120.207,DHCP address,10.110.120.0/24,,False
10.110.120.208,DHCP address,10.110.120.0/24,,False
10.110.120.209,DHCP address,10.110.120.0/24,,False
10.110.120.210,DHCP address,10.110.120.0/24,,False
10.110.120.211,DHCP address,10.110.120.0/24,,False
10.110.120.212,DHCP address,10.110.120.0/24,,False
10.110.120.213,DHCP address,10.110.120.0/24,,False
10.110.120.214,DHCP address,10.110.120.0/24,,False
10.110.120.215,DHCP address,10.110.120.0/24,,False
10.110.120.216,DHCP address,10.110.120.0/24,,False
10.110.120.217,DHCP address,10.110.120.0/24,,False
10.110.120.218,DHCP address,10.110.120.0/24,,False
10.110.120.219,DHCP address,10.110.120.0/24,,False
10.110.120.220,DHCP address,10.110.120.0/24,,False
10.110.120.221,DHCP address,10.110.120.0/24,,False
10.110.120.222,DHCP address,10.110.120.0/24,,False
10.110.120.223,DHCP address,10.110.120.0/24,,False
10.110.120.224,DHCP address,10.110.120.0/24,,False
10.110.120.225,DHCP address,10.110.120.0/24,,False
10.110.120.226,DHCP address,10.110.120.0/24,,False
10.110.120.227,DHCP address,10.110.120.0/24,,False
10.110.120.228,DHCP address,10.110.120.0/24,,False
10.110.120.229,DHCP address,10.110.120.0/24,,False
10.110.120.230,DHCP address,10.110.120.0/24,,False
10.110.120.231,DHCP address,10.110.120.0/24,,False
10.110.120.232,DHCP address,10.110.120.0/24,,False
10.110.120.233,DHCP address,10.110.120.0/24,,False
10.110.120.234,DHCP address,10.110.120.0/24,,False
10.110.120.235,DHCP address,10.110.120.0/24,,False
10.110.120.236,DHCP address,10.110.120.0/24,,False
10.110.120.237,DHCP address,10.110.120.0/24,,False
10.110.120.238,DHCP address,10.110.120.0/24,,False
10.110.120.239,DHCP address,10.110.120.0/24,,False
10.110.120.240,DHCP address,10.110.120.0/24,,False
10.110.120.241,DHCP address,10.110.120.0/24,,False
10.110.120.242,DHCP address,10.110.120.0/24,,False
10.110.120.243,DHCP address,10.110.120.0/24,,False
10.110.120.244,DHCP address,10.110.120.0/24,,False
10.110.120.245,DHCP address,10.110.120.0/24,,False
10.110.120.246,DHCP address,10.110.120.0/24,,False
10.110.120.247,DHCP address,10.110.120.0/24,,False
10.110.120.248,DHCP address,10.110.120.0/24,,False
10.110.120.249,DHCP address,10.110.120.0/24,,False
10.110.120.250,DHCP address,10.110.120.0/24,,False
10.110.120.251,,10.110.120.0/24,,True
10.110.120.252,,10.110.120.0/24,,True
10.110.120.253,,10.110.120.0/24,,True
10.110.120.254,,10.110.120.0/24,,True
10.110.120.255,,10.110.120.0/24,,True
